{"cameraMode":{"drawMode":0,"name":"Shaded","section":"Shading Mode"},"sceneLighting":false,"audioPlay":false,"sceneViewState":{"m_AlwaysRefresh":false,"showFog":true,"showSkybox":false,"showFlares":true,"showImageEffects":true,"showParticleSystems":true,"showVisualEffectGraphs":true,"m_FxEnabled":true},"in2DMode":false,"pivot":{"x":-26.075576782226564,"y":1.213640809059143,"z":-21.447093963623048},"rotation":{"x":-0.030952977016568185,"y":0.9625595211982727,"z":-0.12486359477043152,"w":-0.23861710727214814},"size":2.4126932621002199,"orthographic":true}