{"cameraMode":{"drawMode":0,"name":"Shaded","section":"Shading Mode"},"sceneLighting":false,"audioPlay":false,"sceneViewState":{"m_AlwaysRefresh":false,"showFog":true,"showSkybox":false,"showFlares":true,"showImageEffects":true,"showParticleSystems":true,"showVisualEffectGraphs":true,"m_FxEnabled":true},"in2DMode":false,"pivot":{"x":-0.01142778992652893,"y":0.1642751544713974,"z":0.021046102046966554},"rotation":{"x":0.051053427159786227,"y":-0.9422603249549866,"z":0.16944202780723573,"w":0.28439462184906008},"size":0.3985264301300049,"orthographic":false}