{"cameraMode":{"drawMode":0,"name":"Shaded","section":"Shading Mode"},"sceneLighting":false,"audioPlay":false,"sceneViewState":{"m_AlwaysRefresh":false,"showFog":true,"showSkybox":false,"showFlares":true,"showImageEffects":true,"showParticleSystems":true,"showVisualEffectGraphs":true,"m_FxEnabled":true},"in2DMode":false,"pivot":{"x":-31.642793655395509,"y":0.43160825967788699,"z":-21.981142044067384},"rotation":{"x":-0.035569898784160617,"y":0.9644211530685425,"z":-0.1874782145023346,"w":-0.1829782873392105},"size":0.818448007106781,"orthographic":true}