{"cameraMode":{"drawMode":0,"name":"Shaded","section":"Shading Mode"},"sceneLighting":false,"audioPlay":false,"sceneViewState":{"m_AlwaysRefresh":false,"showFog":true,"showSkybox":false,"showFlares":true,"showImageEffects":true,"showParticleSystems":true,"showVisualEffectGraphs":true,"m_FxEnabled":true},"in2DMode":false,"pivot":{"x":-0.0483456552028656,"y":0.43160828948020937,"z":0.03438352048397064},"rotation":{"x":0.03450297191739082,"y":0.9640302062034607,"z":-0.21153007447719575,"w":0.15724191069602967},"size":0.42889711260795596,"orthographic":true}