{"cameraMode":{"drawMode":0,"name":"Shaded","section":"Shading Mode"},"sceneLighting":false,"audioPlay":false,"sceneViewState":{"m_AlwaysRefresh":false,"showFog":true,"showSkybox":false,"showFlares":true,"showImageEffects":true,"showParticleSystems":true,"showVisualEffectGraphs":true,"m_FxEnabled":true},"in2DMode":false,"pivot":{"x":-9.921138763427735,"y":0.2211732119321823,"z":10.036673545837403},"rotation":{"x":-0.12840154767036439,"y":-0.06065741181373596,"z":0.007868442684412003,"w":-0.9898331165313721},"size":1.58510422706604,"orthographic":true}