{"cameraMode":{"drawMode":0,"name":"Shaded","section":"Shading Mode"},"sceneLighting":false,"audioPlay":false,"sceneViewState":{"m_AlwaysRefresh":false,"showFog":true,"showSkybox":false,"showFlares":true,"showImageEffects":true,"showParticleSystems":true,"showVisualEffectGraphs":true,"m_FxEnabled":true},"in2DMode":false,"pivot":{"x":7.450580596923828e-9,"y":0.04051387310028076,"z":0.08970654010772705},"rotation":{"x":0.10735797137022019,"y":-0.888147234916687,"z":0.2654542624950409,"w":0.3595229685306549},"size":0.3953031301498413,"orthographic":false}