{"cameraMode":{"drawMode":0,"name":"Shaded","section":"Shading Mode"},"sceneLighting":false,"audioPlay":false,"sceneViewState":{"m_AlwaysRefresh":false,"showFog":true,"showSkybox":false,"showFlares":true,"showImageEffects":true,"showParticleSystems":true,"showVisualEffectGraphs":true,"m_FxEnabled":true},"in2DMode":false,"pivot":{"x":0.016092777252197267,"y":0.02927696704864502,"z":-0.015049338340759278},"rotation":{"x":0.10735797137022019,"y":-0.888147234916687,"z":0.2654542624950409,"w":0.3595229685306549},"size":1.1307491064071656,"orthographic":false}