{"cameraMode":{"drawMode":0,"name":"Shaded","section":"Shading Mode"},"sceneLighting":false,"audioPlay":false,"sceneViewState":{"m_AlwaysRefresh":false,"showFog":true,"showSkybox":false,"showFlares":true,"showImageEffects":true,"showParticleSystems":true,"showVisualEffectGraphs":true,"m_FxEnabled":true},"in2DMode":false,"pivot":{"x":0.003505408763885498,"y":0.00015659630298614502,"z":0.03824055194854736},"rotation":{"x":-0.2611082196235657,"y":-0.32707542181015017,"z":0.09456697106361389,"w":-0.9033046364784241},"size":4.223555564880371,"orthographic":false}