{"cameraMode":{"drawMode":0,"name":"Shaded","section":"Shading Mode"},"sceneLighting":false,"audioPlay":false,"sceneViewState":{"m_AlwaysRefresh":false,"showFog":true,"showSkybox":false,"showFlares":true,"showImageEffects":true,"showParticleSystems":true,"showVisualEffectGraphs":true,"m_FxEnabled":true},"in2DMode":false,"pivot":{"x":0.0009502172470092773,"y":-0.0018982067704200745,"z":-0.00014097988605499268},"rotation":{"x":0.10735797137022019,"y":-0.888147234916687,"z":0.2654542624950409,"w":0.3595229685306549},"size":0.1490868628025055,"orthographic":false}